,Number,Valence,Energy,Tension,Anger,Fear,Happy,Sad,Tender,TARGET,Nro,Emotion,Album name,Track,Min:Sec
0,1,4.83,6.83,3.17,1.0,1.0,7.33,1.0,1.0,HAPPY,1,Happy,Shallow Grave,6,02:02-02:17
1,2,4.83,6.17,3.83,1.0,1.0,7.17,1.17,1.83,HAPPY,2,Happy,The Rainmaker,2,01:54-02:07
2,3,5.6,6.2,3.0,1.0,1.0,7.17,1.0,1.0,HAPPY,3,Happy,The Rainmaker,3,02:55-03:13
3,4,4.67,6.33,3.83,1.0,1.0,7.17,1.0,1.0,HAPPY,4,Happy,Man of Galilee CD1,2,03:02-03:18
4,5,6.5,5.0,3.17,1.17,1.0,7.17,1.0,2.83,HAPPY,5,Happy,Shakespeare in Love,1,01:06-01:22
5,6,5.0,5.4,2.8,1.0,1.0,7.0,1.0,1.0,HAPPY,6,Happy,The Rainmaker,5,03:07-03:23
6,7,5.4,6.2,3.8,1.0,1.0,7.0,1.0,1.5,HAPPY,7,Happy,Man of Galilee CD1,11,00:00-00:18
7,8,5.0,5.2,2.6,1.0,1.0,7.0,1.0,2.0,HAPPY,8,Happy,Nostradamus,1,00:00-00:16
8,9,6.0,6.0,3.6,1.0,1.0,7.0,1.0,1.0,HAPPY,9,Happy,Band of Brothers,3,01:19-01:36
9,10,4.83,6.17,4.33,1.0,1.0,6.5,1.0,1.0,HAPPY,10,Happy,The Untouchables,6,01:50-02:05
10,11,4.83,6.5,4.0,1.17,1.0,6.5,1.0,1.67,HAPPY,11,Happy,Shine,5,02:00-02:16
11,12,5.2,6.8,4.0,1.0,1.0,6.33,1.0,1.0,HAPPY,12,Happy,Shine,13,00:00-00:20
12,13,5.83,5.83,3.17,1.0,1.8,6.2,1.0,1.6,HAPPY,13,Happy,Shallow Grave,3,01:45-02:00
13,14,5.2,6.0,4.6,1.0,1.0,6.17,1.0,2.5,HAPPY,14,Happy,Shine,5,00:36-00:53
14,15,5.83,4.17,2.83,1.0,1.0,6.17,1.0,5.17,HAPPY,15,Happy,Big Fish,21,00:00-00:15
15,16,6.0,3.4,1.6,1.0,1.0,5.67,1.0,7.5,HAPPY,16,Happy,Big Fish,8,00:12-00:34
16,17,5.67,4.5,3.67,1.0,1.0,5.5,1.0,2.33,HAPPY,17,Happy,Shakespeare in Love,17,00:03-00:23
17,18,4.33,6.67,4.67,1.0,1.0,5.5,1.0,1.0,HAPPY,18,Happy,Shine,15,01:00-01:19
18,19,5.0,5.83,4.67,1.83,1.0,5.5,1.0,1.0,HAPPY,19,Happy,Big Fish,13,01:02-01:17
19,20,5.2,4.6,3.8,1.0,1.0,5.17,1.0,2.67,HAPPY,20,Happy,Vertigo OST,6,04:42-04:57
20,21,6.4,4.4,2.6,1.0,1.0,4.83,1.0,3.83,HAPPY,21,Happy,Gladiator,17,00:14-00:27
21,22,5.6,5.0,4.2,1.5,1.0,4.67,1.0,1.0,HAPPY,22,Happy,Shakespeare in Love,21,00:03-00:21
22,23,5.83,2.83,2.33,1.0,1.0,4.67,1.33,5.33,HAPPY,23,Happy,Big Fish,8,00:35-00:55
23,24,5.83,2.33,1.33,1.0,1.0,4.17,2.0,7.17,HAPPY,24,Happy,The Four Feathers,7,05:40-05:55
24,25,4.6,4.6,3.6,1.0,1.0,4.17,1.0,1.83,HAPPY,25,Happy,Big Fish,12,00:55-01:10
25,26,6.0,2.6,1.4,1.0,1.0,3.67,2.5,6.0,HAPPY,26,Happy,The English Patient,7,00:33-00:58
26,27,4.6,4.2,2.2,1.0,1.0,3.0,1.67,4.33,HAPPY,27,Happy,Shallow Grave,8,00:00-00:15
27,28,6.17,3.5,2.83,1.0,1.0,2.8,3.0,6.6,HAPPY,28,Happy,The English Patient,3,00:28-00:45
28,29,5.5,4.0,4.17,1.0,1.0,2.8,3.0,3.4,HAPPY,29,Happy,Vertigo OST,6,02:02-02:17
29,30,4.83,2.33,3.67,1.0,1.0,1.0,4.0,4.4,HAPPY,30,Happy,The English Patient,7,00:00-00:31
30,31,5.0,2.33,2.67,1.17,1.0,1.0,7.67,3.5,SAD,31,Sad,The Four Feathers,10,01:15-01:34
31,32,5.83,2.17,3.0,1.0,1.33,1.17,7.5,2.67,SAD,32,Sad,The English Patient,18,00:07-00:32
32,33,5.67,2.5,2.5,1.0,1.67,1.0,7.5,4.0,SAD,33,Sad,The English Patient,10,00:24-00:52
33,34,5.17,2.17,2.33,1.0,1.0,1.0,7.33,5.67,SAD,34,Sad,Band of Brothers,12,01:09-01:26
34,35,5.5,1.5,1.83,1.0,1.0,1.0,7.17,5.33,SAD,35,Sad,Nostradamus,20,01:35-01:52
35,36,3.67,2.17,4.67,1.0,2.5,1.17,7.0,1.0,SAD,36,Sad,Running Scared,15,02:06-02:27
36,37,4.4,2.0,3.6,1.5,2.83,1.0,7.0,2.0,SAD,37,Sad,Road to Perdition,16,00:17-00:32
37,38,5.17,1.67,2.5,1.0,1.0,1.33,6.5,3.33,SAD,38,Sad,Psycho,3,00:58-01:24
38,39,4.5,2.83,3.5,1.0,1.5,1.17,6.5,1.67,SAD,39,Sad,Big Fish,15,00:55-01:11
39,40,4.0,4.33,4.17,2.2,1.8,1.0,6.2,1.0,SAD,40,Sad,Man of Galilee CD1,8,01:20-01:37
40,41,4.8,2.6,4.0,1.0,1.67,1.0,6.17,4.83,SAD,41,Sad,Big Fish,22,00:00-00:20
41,42,5.8,2.2,1.2,1.0,1.0,1.0,6.0,6.17,SAD,42,Sad,The Untouchables,4,00:40-00:55
42,43,5.0,2.6,3.2,1.0,1.0,1.0,6.0,5.17,SAD,43,Sad,Band of Brothers,15,00:35-00:56
43,44,4.6,2.2,3.2,1.67,1.5,1.0,6.0,2.83,SAD,44,Sad,Gladiator,7,02:15-02:38
44,45,4.8,2.4,1.8,1.0,1.0,1.0,5.83,4.33,SAD,45,Sad,Gladiator,4,00:48-01:06
45,46,4.2,3.6,4.4,1.0,2.17,1.0,5.83,1.83,SAD,46,Sad,Gladiator,14,01:38-02:02
46,47,5.0,3.0,3.6,1.0,1.0,1.67,5.83,5.33,SAD,47,Sad,Big Fish,15,00:02-00:17
47,48,6.0,1.83,1.67,1.0,1.0,1.0,5.67,6.67,SAD,48,Sad,Road to Perdition,13,00:47-01:02
48,49,5.17,2.0,2.33,1.0,1.0,1.5,5.33,4.67,SAD,49,Sad,Running Scared,19,03:11-03:25
49,50,5.8,2.2,1.8,1.0,1.0,1.0,5.33,3.17,SAD,50,Sad,Road to Perdition,22,00:00-00:13
50,51,6.4,3.4,2.0,1.0,1.0,1.0,5.0,5.5,SAD,51,Sad,The Rainmaker,11,00:37-00:57
51,52,5.6,3.4,2.6,1.0,1.0,1.67,5.0,4.83,SAD,52,Sad,Band of Brothers,3,07:43-07:58
52,53,4.4,2.2,2.4,1.0,1.4,1.0,4.6,1.4,SAD,53,Sad,The Missing,2,02:31-02:48
53,54,5.0,2.67,2.83,1.0,1.0,1.83,4.0,4.0,SAD,54,Sad,Shakespeare in Love,3,00:59-01:17
54,55,5.6,2.6,2.2,1.0,1.0,2.0,3.83,4.83,SAD,55,Sad,Shine,18,00:43-01:07
55,56,3.33,2.83,5.5,1.0,3.6,1.0,3.2,1.6,SAD,56,Sad,Mississippi Burning,3,00:25-:40
56,57,5.4,1.8,3.2,1.0,1.67,2.33,3.0,4.83,SAD,57,Sad,Road to Perdition,8,00:38-00:53
57,58,4.67,3.33,3.5,1.0,1.0,3.5,3.0,3.33,SAD,58,Sad,Big Fish,11,01:26-01:40
58,59,5.2,2.6,4.0,1.0,1.5,2.83,2.83,5.5,SAD,59,Sad,Road to Perdition,1,00:35-00:50
59,60,5.67,3.5,2.5,1.0,1.0,5.0,1.0,5.0,SAD,60,Sad,Shine,28,01:24-01:43
60,61,5.8,2.8,2.4,1.0,1.0,5.83,2.0,7.83,TENDER,61,Tender,Big Fish,17,00:00-00:15
61,62,6.83,4.33,2.5,1.0,1.0,2.2,2.8,7.6,TENDER,62,Tender,Shine,10,01:28-01:48
62,63,5.83,2.0,2.0,1.0,1.0,1.6,4.4,7.4,TENDER,63,Tender,Running Scared,2,00:00-00:25
63,64,6.6,2.4,1.2,1.0,1.0,4.17,1.5,7.17,TENDER,64,Tender,Shakespeare in Love,2,00:00-00:15
64,65,6.4,3.2,1.8,1.0,1.0,4.5,2.17,7.17,TENDER,65,Tender,Road to Perdition,26,00:24-00:39
65,66,5.83,2.67,1.83,1.0,1.0,3.8,1.6,6.8,TENDER,66,Tender,The Missing,3,00:24-00:49
66,67,6.5,3.33,1.83,1.0,1.0,5.0,1.83,6.67,TENDER,67,Tender,Band of Brothers,3,06:58-07:18
67,68,6.6,3.2,1.4,1.0,1.0,3.17,1.83,6.67,TENDER,68,Tender,Road to Perdition,13,00:14-00:29
68,69,5.4,3.8,3.0,1.0,1.0,3.0,1.67,6.33,TENDER,69,Tender,The Four Feathers,12,00:50-01:02
69,70,4.67,2.67,3.0,1.0,1.0,3.0,2.17,6.33,TENDER,70,Tender,Naked Lunch,11,00:00-00:19
70,71,6.0,1.6,1.4,1.0,1.0,3.17,2.83,6.33,TENDER,71,Tender,Big Fish,18,00:00-00:13
71,72,5.83,3.5,1.83,1.0,1.0,3.5,1.5,6.17,TENDER,72,Tender,The Rainmaker,4,02:57-03:10
72,73,6.2,3.2,2.8,1.0,1.0,4.33,2.67,6.0,TENDER,73,Tender,Man of Galilee CD1,7,02:28-02:53
73,74,6.5,3.0,1.83,1.0,1.0,4.83,1.83,5.83,TENDER,74,Tender,The Untouchables,9,00:04-00:23
74,75,6.0,3.0,1.83,1.0,1.0,4.17,2.0,5.83,TENDER,75,Tender,Nostradamus,14,00:54-01:17
75,76,6.4,2.6,2.4,1.0,1.0,2.0,4.67,5.5,TENDER,76,Tender,The Rainmaker,8,02:13-02:33
76,77,6.5,4.33,2.5,1.0,1.0,3.8,1.0,5.4,TENDER,77,Tender,Man of Galilee CD1,3,00:55-01:32
77,78,6.0,3.0,2.6,1.0,1.0,2.17,3.83,5.33,TENDER,78,Tender,Man of Galilee CD1,4,00:00-00:22
78,79,6.0,2.0,1.6,1.0,1.0,4.17,1.0,5.33,TENDER,79,Tender,Nostradamus,2,01:09-01:28
79,80,5.5,3.5,2.17,1.0,1.0,1.0,3.5,5.17,TENDER,80,Tender,Nostradamus,7,00:37-00:52
80,81,6.5,2.67,1.83,1.0,1.0,1.0,5.67,5.17,TENDER,81,Tender,Road to Perdition,26,00:59-01:14
81,82,6.5,2.83,1.83,1.0,1.0,2.33,2.67,5.17,TENDER,82,Tender,Road to Perdition,26,02:47-03:02
82,83,6.0,4.33,2.5,1.0,1.0,5.17,1.83,4.83,TENDER,83,Tender,Big Fish,17,01:24-01:39
83,84,5.17,1.83,2.67,1.0,1.0,1.0,6.6,4.8,TENDER,84,Tender,Big Fish,14,00:14-00:30
84,85,5.83,2.33,1.67,1.0,1.0,1.0,7.17,4.67,TENDER,85,Tender,Gladiator,4,01:58-02:14
85,86,5.8,3.4,2.4,1.0,1.0,3.33,1.33,4.67,TENDER,86,Tender,Shine,15,00:45-01:00
86,87,4.8,2.2,3.4,1.0,1.83,1.0,5.5,4.17,TENDER,87,Tender,The English Patient,2,01:03-01:2
87,88,5.8,2.2,1.6,1.0,1.33,3.33,2.17,4.17,TENDER,88,Tender,Big Fish,12,00:03-00:20
88,89,4.83,1.83,2.17,1.0,1.67,1.17,2.83,3.67,TENDER,89,Tender,Naked Lunch,6,00:00-00:16
89,90,5.17,3.0,3.0,1.0,1.0,4.67,2.17,2.5,TENDER,90,Tender,Road to Perdition,9,01:34-01:48
90,91,1.17,4.5,6.5,5.17,7.5,1.0,1.0,1.0,FEAR,91,Fear,Running Scared,4,02:49-03:05
91,92,2.33,5.67,6.0,4.33,7.0,1.0,1.0,1.0,FEAR,92,Fear,Psycho,1,00:00-00:22
92,93,2.33,3.33,5.83,2.0,6.8,1.0,1.6,1.0,FEAR,93,Fear,Nostradamus,1,01:28-01:45
93,94,1.0,5.2,6.6,2.5,6.67,1.0,1.0,1.0,FEAR,94,Fear,The Untouchables,10,00:54-01:10
94,95,2.4,5.4,6.0,4.5,6.67,1.0,1.0,1.0,FEAR,95,Fear,Running Scared,8,00:20-00:35
95,96,2.83,4.67,5.5,2.5,6.67,1.0,1.0,1.0,FEAR,96,Fear,Cape Fear,5,01:30-01:48
96,97,2.8,6.0,6.0,2.5,6.33,1.17,1.0,1.0,FEAR,97,Fear,Mississippi Burning,8,00:45-01:00
97,98,1.6,4.0,5.4,4.0,6.17,1.0,1.0,1.0,FEAR,98,Fear,Road to Perdition,6,00:34-00:49
98,99,3.0,4.6,5.8,2.17,6.17,1.0,3.5,1.0,FEAR,99,Fear,Dracula,5,02:12-02:28
99,100,2.5,5.5,6.17,2.67,6.0,1.0,1.83,1.0,FEAR,100,Fear,Psycho,10,00:47-01:08
100,101,2.5,3.67,6.17,2.0,6.0,1.0,1.0,1.0,FEAR,101,Fear,Shallow Grave,7,00:00-00:15
101,102,2.83,4.83,6.0,2.83,6.0,1.0,3.33,1.0,FEAR,102,Fear,Gladiator,7,03:00-03:17
102,103,2.4,6.0,6.2,3.67,5.83,1.0,1.0,1.0,FEAR,103,Fear,The Untouchables,5,02:05-02:20
103,104,3.0,5.0,6.6,4.0,5.83,1.0,1.33,1.0,FEAR,104,Fear,The Alien Trilogy,11,02:12-02:27
104,105,1.17,4.67,6.33,5.0,5.8,1.0,1.0,1.0,FEAR,105,Fear,Road to Perdition,12,00:20-00:35
105,106,2.4,2.8,6.2,2.0,5.5,1.0,1.33,1.0,FEAR,106,Fear,Road to Perdition,17,00:02-00:17
106,107,2.33,2.83,5.83,1.5,5.5,1.0,2.33,1.0,FEAR,107,Fear,Dracula,2,00:24-00:41
107,108,1.5,4.83,6.17,7.0,5.33,1.17,1.0,1.0,FEAR,108,Fear,Cape Fear,5,01:05-01:20
108,109,2.2,3.6,4.8,5.33,5.17,1.0,1.0,1.0,FEAR,109,Fear,Mississippi Burning,2,00:55-01:10
109,110,3.17,6.33,5.83,7.0,4.83,1.0,1.0,1.0,FEAR,110,Fear,Gladiator,9,02:15-02:36
110,111,2.0,5.2,6.6,6.5,4.83,1.0,1.0,1.0,FEAR,111,Fear,Cape Fear,1,00:26-00:35
111,112,3.0,3.0,5.2,1.5,4.67,1.0,3.5,1.0,FEAR,112,Fear,Psycho,9,00:35-00:55
112,113,2.5,5.5,5.83,3.67,4.17,1.0,1.0,1.0,FEAR,113,Fear,The Untouchables,8,01:38-01:53
113,114,3.6,4.0,4.8,3.8,4.0,1.0,1.0,1.0,FEAR,114,Fear,Man of Galilee CD1,6,00:40-01:07
114,115,3.4,3.8,5.6,1.0,4.0,1.33,4.83,1.0,FEAR,115,Fear,The Missing,3,02:45-03:06
115,116,3.6,3.8,6.0,5.17,4.0,1.0,1.0,1.0,FEAR,116,Fear,Gladiator,9,00:35-00:51
116,117,2.5,4.0,5.5,2.6,3.8,1.0,4.4,1.0,FEAR,117,Fear,Shakespeare in Love,11,00:21-00:36
117,118,3.6,2.0,5.0,1.0,3.0,1.0,6.17,1.5,FEAR,118,Fear,Band of Brothers,4,00:24-00:44
118,119,3.33,2.5,4.83,1.0,2.4,1.0,4.0,1.0,FEAR,119,Fear,Band of Brothers,15,02:14-02:27
119,120,4.6,2.6,3.8,1.33,2.0,1.0,4.83,1.5,FEAR,120,Fear,Nostradamus,15,02:48-03:05
120,121,2.5,5.17,5.67,7.83,6.0,1.0,1.0,1.0,ANGER,121,Anger,Cape Fear,13,01:02-01:20
121,122,4.0,5.5,6.0,7.8,3.2,1.0,3.6,1.0,ANGER,122,Anger,Gladiator,13,01:18-01:26
122,123,2.4,6.4,6.6,7.67,4.83,1.0,1.33,1.0,ANGER,123,Anger,Gladiator,3,04:55-05:17
123,124,1.6,5.8,6.6,7.5,3.33,1.17,1.0,1.0,ANGER,124,Anger,The Rainmaker,7,01:45-02:00
124,125,2.2,5.8,6.0,7.4,4.0,1.0,1.0,1.0,ANGER,125,Anger,The Alien Trilogy,9,00:03-00:18
125,126,1.8,5.8,6.4,7.17,4.33,1.0,1.0,1.0,ANGER,126,Anger,The Alien Trilogy,9,01:14-01:29
126,127,2.4,6.6,6.6,7.17,4.0,1.17,1.0,1.0,ANGER,127,Anger,Gladiator,3,02:25-02:46
127,128,2.83,6.0,5.5,7.0,5.67,1.0,1.0,1.0,ANGER,128,Anger,The Four Feathers,9,02:42-02:57
128,129,2.8,5.2,6.2,6.67,6.17,1.0,1.0,1.0,ANGER,129,Anger,The Missing,3,03:24-03:42
129,130,2.6,5.2,6.6,6.67,3.83,1.0,1.0,1.0,ANGER,130,Anger,Road to Perdition,25,01:12-01:27
130,131,2.4,5.0,6.0,6.67,3.83,1.0,2.83,1.0,ANGER,131,Anger,Shine,9,00:48-01:04
131,132,2.33,4.0,5.67,6.33,5.5,1.17,1.0,1.0,ANGER,132,Anger,Psycho,17,00:27-00:45
132,133,2.0,5.67,6.17,6.33,4.17,1.0,1.0,1.0,ANGER,133,Anger,Cape Fear,13,00:02-00:20
133,134,3.17,5.67,6.33,6.0,5.4,1.0,1.0,1.0,ANGER,134,Anger,Shakespeare in Love,15,00:40-00:56
134,135,2.0,4.17,5.83,5.8,5.8,1.0,1.6,1.0,ANGER,135,Anger,Nostradamus,6,01:32-01:47
135,136,3.33,5.5,5.83,5.67,4.83,1.0,2.33,1.0,ANGER,136,Anger,The Missing,12,00:28-00:46
136,137,2.4,4.4,5.4,5.5,5.67,1.0,1.0,1.0,ANGER,137,Anger,Running Scared,15,03:20-03:33
137,138,2.4,5.8,6.6,5.4,5.0,1.0,1.0,1.0,ANGER,138,Anger,Cape Fear,12,00:02-00:20
138,139,1.83,6.0,6.5,5.2,4.2,1.0,1.0,1.0,ANGER,139,Anger,The Alien Trilogy,6,00:00-00:15
139,140,3.4,5.4,6.2,5.17,4.5,1.0,1.0,1.0,ANGER,140,Anger,Running Scared,16,03:30-03:45
140,141,2.17,5.17,6.33,5.0,6.83,1.0,1.0,1.0,ANGER,141,Anger,Cape Fear,6,01:02-01:20
141,142,3.17,6.0,6.33,4.33,5.67,1.0,1.0,1.0,ANGER,142,Anger,The Missing,12,00:00-00:24
142,143,3.0,5.0,6.2,3.83,4.17,1.0,1.83,1.0,ANGER,143,Anger,Naked Lunch,16,00:55-01:12
143,144,1.67,4.67,6.17,3.5,5.17,1.0,2.33,1.0,ANGER,144,Anger,Cape Fear,6,00:00-00:20
144,145,3.0,3.67,5.83,3.33,5.67,1.0,2.17,1.0,ANGER,145,Anger,Shakespeare in Love,11,00:45-00:59
145,146,2.67,4.83,5.33,3.0,5.83,1.0,1.33,1.0,ANGER,146,Anger,The Missing,10,04:44-05:01
146,147,4.67,3.0,5.0,2.83,4.33,1.17,2.5,1.83,ANGER,147,Anger,The Rainmaker,6,05:24-05:42
147,148,3.5,4.67,5.67,2.6,5.0,1.0,1.4,1.0,ANGER,148,Anger,Road to Perdition,25,00:13-00:27
148,149,5.5,2.17,2.83,1.0,1.6,1.0,6.8,2.8,ANGER,149,Anger,Band of Brothers,18,00:40-01:00
149,150,4.6,2.6,3.8,1.0,2.17,1.17,6.83,3.0,ANGER,150,Anger,Shakespeare in Love,9,00:00-00:22
150,151,3.83,5.17,4.5,1.17,2.0,2.83,1.0,1.0,SURPRISE,151,Surprise,The Rainmaker,5,00:00-00:16
151,152,2.8,5.0,5.2,1.5,2.33,1.83,1.0,1.0,SURPRISE,152,Surprise,The Rainmaker,9,01:36-01:46
152,153,3.83,3.67,5.0,1.5,1.83,1.67,2.67,1.0,SURPRISE,153,Surprise,Naked Lunch,14,01:02-01:17
153,154,1.6,7.0,6.0,3.0,1.5,1.17,1.0,1.0,SURPRISE,154,Surprise,Naked Lunch,18,00:14-00:30
154,155,3.0,3.0,4.67,1.0,2.17,1.17,1.67,1.0,SURPRISE,155,Surprise,The Rainmaker,4,04:31-04:43
155,156,3.33,4.5,5.83,1.0,3.33,3.5,1.0,1.83,SURPRISE,156,Surprise,Shallow Grave,4,01:04-01:19
156,157,1.17,5.0,6.67,2.0,6.83,1.0,1.0,1.0,SURPRISE,157,Surprise,The Alien Trilogy,5,00:26-00:41
157,158,1.6,6.0,6.0,2.17,2.83,1.5,1.0,1.0,SURPRISE,158,Surprise,Naked Lunch,8,04:00-04:16
158,159,2.33,6.17,6.33,4.83,3.0,1.33,1.0,1.0,SURPRISE,159,Surprise,Road to Perdition,20,00:25-00:40
159,160,5.6,4.6,3.8,1.0,1.0,5.0,1.5,1.83,SURPRISE,160,Surprise,Man of Galilee CD1,2,00:19-00:42
160,161,4.2,2.4,5.0,1.0,2.83,1.0,3.33,1.0,SURPRISE,161,Surprise,Band of Brothers,6,00:00-00:20
161,162,3.0,6.4,5.8,3.4,4.0,1.0,1.0,1.0,SURPRISE,162,Surprise,Man of Galilee CD1,2,03:45-04:02
162,163,3.6,4.2,5.2,1.0,1.0,2.0,2.5,1.67,SURPRISE,163,Surprise,Naked Lunch,7,01:01-01:20
163,164,2.2,4.4,5.4,1.5,4.67,1.0,1.83,1.0,SURPRISE,164,Surprise,Naked Lunch,17,00:00-00:19
164,165,1.5,5.33,6.33,5.8,3.0,2.0,1.0,1.0,SURPRISE,165,Surprise,Cape Fear,14,00:02-00:20
165,166,2.2,3.0,6.2,3.33,4.83,1.0,2.0,1.0,SURPRISE,166,Surprise,Cape Fear,15,02:32-02:50
166,167,3.17,5.83,5.0,3.5,1.67,3.33,1.0,1.0,SURPRISE,167,Surprise,Road to Perdition,14,00:00-00:15
167,168,1.83,4.17,6.33,6.67,3.83,1.0,1.0,1.0,SURPRISE,168,Surprise,Cape Fear,1,02:15-02:30
168,169,2.2,6.0,6.4,6.2,5.0,1.0,1.0,1.0,SURPRISE,169,Surprise,The Missing,12,02:35-02:55
169,170,1.8,4.2,6.2,3.5,5.33,1.0,1.0,1.0,SURPRISE,170,Surprise,The English Patient,8,01:35-01:57
170,171,4.33,2.0,2.83,1.67,2.83,1.0,3.33,2.67,SURPRISE,171,Surprise,Band of Brothers,2,00:34-00:57
171,172,6.0,6.0,3.6,1.0,1.0,6.33,1.0,1.0,SURPRISE,172,Surprise,Road to Perdition,14,01:15-01:30
172,173,3.6,5.4,5.4,1.0,4.5,1.0,1.0,1.0,SURPRISE,173,Surprise,Running Scared,6,02:53-03:07
173,174,4.0,4.0,5.0,1.0,2.83,1.0,5.0,1.0,SURPRISE,174,Surprise,The English Patient,8,00:38-00:57
174,175,3.33,3.5,5.5,1.17,3.5,1.0,4.33,1.0,SURPRISE,175,Surprise,Nostradamus,18,01:59-02:15
175,176,2.67,3.33,5.5,1.0,5.17,1.33,2.83,1.0,SURPRISE,176,Surprise,Running Scared,22,01:28-01:43
176,177,3.2,4.2,5.2,3.33,5.5,1.0,1.0,1.0,SURPRISE,177,Surprise,Cape Fear,2,01:25-01:40
177,178,2.8,4.0,5.6,2.33,4.5,1.0,3.5,1.0,SURPRISE,178,Surprise,Big Fish,15,00:15-00:30
178,179,4.0,2.2,3.4,1.0,1.5,1.83,4.5,3.5,SURPRISE,179,Surprise,Band of Brothers,12,02:31-02:48
179,180,4.2,3.0,3.2,1.0,1.0,2.5,2.33,2.83,SURPRISE,180,Surprise,Shakespeare in Love,6,00:00-00:19
180,181,6.6,3.4,2.4,1.0,1.0,4.8,1.0,6.4,HIGH VALENCE,181,High Val.,Batman,9,02:03-02:25
181,182,6.6,2.8,1.4,1.0,1.0,4.33,2.17,6.67,HIGH VALENCE,182,High Val.,Dances with Wolves,2,00:49-01:03
182,183,6.5,3.33,1.83,1.0,1.0,1.4,4.4,6.4,HIGH VALENCE,183,High Val.,The Fifth Element,24,01:39-02:03
183,184,6.5,3.67,2.0,1.0,1.0,3.0,1.5,6.33,HIGH VALENCE,184,High Val.,The Ocellus Suite,4,01:19-01:39
184,185,6.5,3.5,1.67,1.0,2.0,3.33,2.83,4.67,HIGH VALENCE,185,High Val.,Mother of Mine,1,01:31-01:49
185,186,6.4,3.6,2.0,1.0,1.0,4.33,1.67,5.0,HIGH VALENCE,186,High Val.,The Portrait of a Lady,7,00:00-00:16
186,187,6.33,4.5,3.0,1.0,1.0,5.17,1.0,5.17,HIGH VALENCE,187,High Val.,Juha,10,00:20-00:38
187,188,6.33,4.67,3.33,1.0,1.0,6.5,1.17,1.33,HIGH VALENCE,188,High Val.,Dances with Wolves,10,00:28-00:46
188,189,6.17,5.0,3.33,1.17,1.0,2.0,2.5,4.67,HIGH VALENCE,189,High Val.,Blanc,12,00:51-01:06
189,190,6.17,3.5,3.17,1.0,1.6,1.0,3.8,4.8,HIGH VALENCE,190,High Val.,Pride and Prejudice,9,00:01-00:21
190,191,6.0,3.4,1.6,1.0,1.0,6.33,1.0,5.5,HIGH VALENCE,191,High Val.,The Godfather,5,01:12-01:28
191,192,6.0,5.8,2.6,1.0,1.0,7.17,1.0,1.5,HIGH VALENCE,192,High Val.,Oliver Twist,1,00:17-00:34
192,193,6.0,5.17,2.83,1.0,1.0,6.83,1.17,3.0,HIGH VALENCE,193,High Val.,JFK,1,02:31-02:49
193,194,5.83,2.83,2.33,1.0,1.0,5.0,1.17,6.33,HIGH VALENCE,194,High Val.,The Portrait of a Lady,12,00:18-00:35
194,195,5.67,4.83,2.83,1.0,1.0,4.8,1.0,3.0,HIGH VALENCE,195,High Val.,Juha,7,00:03-00:15
195,196,5.67,3.67,3.17,1.0,1.0,1.0,5.17,5.33,HIGH VALENCE,196,High Val.,Dracula,11,03:27-03:42
196,197,5.67,2.0,1.83,1.0,1.0,1.17,5.67,4.0,HIGH VALENCE,197,High Val.,Mother of Mine,4,00:11-00:25
197,198,5.6,4.2,2.8,1.0,1.0,6.33,1.0,5.0,HIGH VALENCE,198,High Val.,The Omen ,2,00:16-00:33
198,199,5.5,5.17,3.5,1.0,1.4,5.2,1.0,1.4,HIGH VALENCE,199,High Val.,Juha,10,01:35-01:53
199,200,5.5,2.83,3.67,1.0,1.0,1.8,4.0,6.0,HIGH VALENCE,200,High Val.,Crouching Tiger Hidden Dragon,2,01:40-01:57
200,201,5.5,3.0,2.67,1.0,1.0,5.67,1.0,5.67,HIGH VALENCE,201,High Val.,Dances with Wolves,4,01:21-01:31
201,202,5.4,6.4,2.6,1.17,1.0,7.0,1.0,1.0,HIGH VALENCE,202,High Val.,Juha,1,00:42-00:59
202,203,5.17,5.17,3.0,1.0,1.0,6.67,1.17,3.0,HIGH VALENCE,203,High Val.,Grizzly Man,19,01:04-01:24
203,204,5.17,4.17,4.33,1.0,1.6,2.2,1.0,1.8,HIGH VALENCE,204,High Val.,Outbreak,6,00:16-00:31
204,205,4.8,5.2,2.8,1.0,1.0,5.83,1.0,3.17,HIGH VALENCE,205,High Val.,Oliver Twist,4,01:10-01:30
205,206,4.8,6.2,3.4,1.0,1.0,7.0,1.17,1.0,HIGH VALENCE,206,High Val.,Batman,20,01:09-01:33
206,207,4.6,5.2,2.4,1.0,1.0,6.33,1.17,3.17,HIGH VALENCE,207,High Val.,Juha,7,00:17-00:36
207,208,4.6,4.0,4.0,1.33,1.0,3.17,4.0,3.0,HIGH VALENCE,208,High Val.,Blanc,9,00:17-00:35
208,209,4.5,3.67,4.33,1.6,1.4,1.0,4.6,2.0,HIGH VALENCE,209,High Val.,Crouching Tiger Hidden Dragon,13,00:35-00:49
209,210,4.33,4.83,4.33,1.0,1.67,1.0,5.67,2.33,HIGH VALENCE,210,High Val.,Crouching Tiger Hidden Dragon,13,01:52-02:10
210,211,1.0,4.17,6.83,4.83,7.5,1.0,1.0,1.0,LOW VALENCE,211,Low Val.,Last samurai,2,02:20-02:40
211,212,1.17,5.67,7.0,5.0,6.17,1.17,1.0,1.0,LOW VALENCE,212,Low Val.,Batman Returns,5,00:54-01:10
212,213,1.2,4.8,6.8,4.17,7.33,1.0,1.0,1.0,LOW VALENCE,213,Low Val.,Batman,4,02:11-02:31
213,214,1.2,6.2,6.4,5.83,6.5,1.0,1.0,1.0,LOW VALENCE,214,Low Val.,Grizzly Man,15,00:57-01:15
214,215,1.2,3.8,5.4,1.33,5.5,1.0,1.0,1.0,LOW VALENCE,215,Low Val.,Grizzly Man,16,01:05-01:32
215,216,1.2,4.4,6.8,5.17,7.0,1.0,1.0,1.0,LOW VALENCE,216,Low Val.,JFK,9,02:07-02:21
216,217,1.33,6.5,6.83,7.8,5.4,1.0,1.0,1.0,LOW VALENCE,217,Low Val.,Lethal weapon 3,8,01:25-01:41
217,218,1.33,4.17,6.33,6.83,4.67,1.0,1.0,1.0,LOW VALENCE,218,Low Val.,Hellraiser,5,00:00-00:15
218,219,1.33,4.5,6.67,1.33,7.83,1.0,1.0,1.0,LOW VALENCE,219,Low Val.,Batman Returns,5,00:09-00:25
219,220,1.4,4.2,6.4,5.83,6.5,1.0,1.0,1.0,LOW VALENCE,220,Low Val.,The Fifth Element,20,00:16-00:37
220,221,1.4,5.2,5.6,2.0,6.17,1.0,1.0,1.0,LOW VALENCE,221,Low Val.,Hellraiser,9,00:30-00:44
221,222,1.5,3.5,6.83,5.0,7.0,1.0,1.5,1.0,LOW VALENCE,222,Low Val.,The Fifth Element,2,02:23-02:38
222,223,1.5,5.83,6.83,4.33,6.67,1.0,1.0,1.0,LOW VALENCE,223,Low Val.,Babylon 5,9,01:08-01:24
223,224,1.6,4.6,6.6,3.67,7.33,1.17,1.0,1.0,LOW VALENCE,224,Low Val.,Outbreak,7,00:05-00:21
224,225,1.8,5.0,5.8,2.17,5.17,1.0,1.33,1.0,LOW VALENCE,225,Low Val.,Batman,8,00:34-00:58
225,226,1.8,5.6,6.4,6.0,5.5,1.0,1.5,1.0,LOW VALENCE,226,Low Val.,Dracula,1,05:30-05:45
226,227,1.83,5.17,6.33,7.5,2.67,1.17,1.0,1.0,LOW VALENCE,227,Low Val.,Lethal weapon 3,8,04:15-04:29
227,228,1.83,3.17,6.0,6.0,4.67,1.0,1.0,1.0,LOW VALENCE,228,Low Val.,The Ocellus Suite,3,00:00-00:17
228,229,1.83,5.17,6.0,6.17,4.0,1.0,2.17,1.0,LOW VALENCE,229,Low Val.,Outbreak,12,00:00-00:15
229,230,2.0,4.6,6.6,2.33,6.5,1.0,1.0,1.0,LOW VALENCE,230,Low Val.,Babylon 5,3,02:47-03:00
230,231,2.0,2.8,5.6,3.83,6.67,1.0,1.0,1.0,LOW VALENCE,231,Low Val.,Batman Returns,4,00:19-00:35
231,232,2.0,5.5,6.83,4.33,6.33,1.0,1.0,1.0,LOW VALENCE,232,Low Val.,Batman Returns,6,02:06-02:21
232,233,2.17,4.17,5.33,1.5,5.33,1.0,1.33,1.0,LOW VALENCE,233,Low Val.,Juha,3,00:39-00:55
233,234,2.2,4.6,6.6,4.5,7.17,1.0,1.0,1.0,LOW VALENCE,234,Low Val.,Oliver Twist,15,02:05-02:25
234,235,2.33,4.17,6.0,4.0,6.33,1.0,1.0,1.0,LOW VALENCE,235,Low Val.,The Godfather,9,00:35-00:48
235,236,2.5,3.5,5.83,1.0,6.2,1.0,2.0,1.0,LOW VALENCE,236,Low Val.,Lethal weapon 3,5,00:20-00:40
236,237,2.5,4.0,5.67,1.0,4.4,1.0,1.6,1.4,LOW VALENCE,237,Low Val.,The Fifth Element,9,00:00-00:18
237,238,2.5,4.83,6.0,5.83,5.0,1.0,1.5,1.0,LOW VALENCE,238,Low Val.,Crouching Tiger Hidden Dragon,7,03:37-03:56
238,239,2.6,5.0,5.6,7.17,4.0,1.0,1.33,1.0,LOW VALENCE,239,Low Val.,The Fifth Element,19,00:00-00:20
239,240,4.0,3.8,5.4,2.83,4.33,1.0,3.33,1.0,LOW VALENCE,240,Low Val.,Dracula,5,00:11-00:27
240,241,4.2,6.8,4.0,1.0,1.0,7.0,1.0,1.4,HIGH ENERGY,241,High Ener.,The Godfather,11,00:49-01:06
241,242,5.67,6.67,2.83,1.33,1.0,7.17,1.0,2.0,HIGH ENERGY,242,High Ener.,Grizzly Man,3,01:01-01:18
242,243,2.67,6.67,6.0,1.33,5.0,1.0,1.0,1.0,HIGH ENERGY,243,High Ener.,Batman Returns,9,00:51-01:04
243,244,5.33,6.5,3.67,1.0,1.0,7.33,1.0,2.67,HIGH ENERGY,244,High Ener.,The Portrait of a Lady,8,00:37-00:56
244,245,3.17,6.5,5.33,1.8,5.2,1.0,1.0,1.0,HIGH ENERGY,245,High Ener.,Batman Returns,8,00:03-00:17
245,246,5.5,6.33,3.5,1.17,1.0,3.5,1.67,1.83,HIGH ENERGY,246,High Ener.,Oliver Twist,8,01:40-02:04
246,247,3.8,6.2,4.2,1.0,1.0,2.67,2.5,1.0,HIGH ENERGY,247,High Ener.,Juha,13,01:05-01:20
247,248,3.6,6.2,6.4,4.33,6.67,1.0,1.5,1.0,HIGH ENERGY,248,High Ener.,Mother of Mine,13,00:11-00:26
248,249,4.0,6.2,5.8,3.0,4.83,1.5,1.33,1.0,HIGH ENERGY,249,High Ener.,Outbreak,2,00:22-00:37
249,250,4.5,6.17,4.5,1.0,1.0,7.2,1.0,1.0,HIGH ENERGY,250,High Ener.,Batman,18,00:55-01:15
250,251,2.4,6.0,5.6,4.0,3.0,1.17,1.0,1.0,HIGH ENERGY,251,High Ener.,The Fifth Element,15,00:08-00:22
251,252,4.0,6.0,4.0,1.0,1.0,4.67,1.33,1.0,HIGH ENERGY,252,High Ener.,Crouching Tiger Hidden Dragon,6,00:38-00:51
252,253,2.67,6.0,6.33,3.83,2.5,1.5,1.0,1.0,HIGH ENERGY,253,High Ener.,Crouching Tiger Hidden Dragon,8,01:12-01:25
253,254,5.0,6.0,4.6,2.17,1.0,1.0,2.83,1.0,HIGH ENERGY,254,High Ener.,Blanc,7,00:42-00:55
254,255,3.17,5.83,5.5,3.17,1.5,1.67,1.33,1.0,HIGH ENERGY,255,High Ener.,JFK,3,01:56-02:12
255,256,5.6,5.8,3.8,1.0,1.0,4.83,1.67,1.5,HIGH ENERGY,256,High Ener.,The Portait of a Lady,9,01:50-02:10
256,257,3.6,5.8,5.8,2.5,2.33,2.33,1.0,1.0,HIGH ENERGY,257,High Ener.,Crouching Tiger Hidden Dragon,4,02:45-03:02
257,258,5.4,5.8,4.8,1.17,1.5,1.67,3.33,1.0,HIGH ENERGY,258,High Ener.,The Ocellus Suite,5,03:47-04:00
258,259,4.0,5.67,4.83,1.5,2.33,2.0,4.0,1.0,HIGH ENERGY,259,High Ener.,Blanc,21,00:04-00:17
259,260,4.8,5.6,3.6,1.0,1.0,6.83,1.17,1.0,HIGH ENERGY,260,High Ener.,Batman,4,02:31-02:51
260,261,3.8,5.4,5.2,1.0,1.33,4.0,1.0,1.0,HIGH ENERGY,261,High Ener.,Lethal weapon 3,4,01:40-02:00
261,262,4.67,5.33,4.67,1.0,1.8,2.6,1.6,2.2,HIGH ENERGY,262,High Ener.,Oliver Twist,7,01:30-01:46
262,263,4.33,5.33,3.0,1.17,1.0,7.5,1.17,1.5,HIGH ENERGY,263,High Ener.,Pride and Prejudice,4,00:10-00:29
263,264,5.83,5.0,2.83,1.0,1.0,6.17,1.0,1.33,HIGH ENERGY,264,High Ener.,Dances with Wolves,10,01:33-01:51
264,265,3.83,4.83,4.17,1.0,2.2,4.8,1.0,2.0,HIGH ENERGY,265,High Ener.,Juha,2,00:07-00:18
265,266,2.2,4.8,6.0,1.5,6.67,1.0,1.33,1.0,HIGH ENERGY,266,High Ener.,JFK,8,01:26-01:40
266,267,3.0,4.6,5.2,6.0,5.33,1.0,1.0,1.0,HIGH ENERGY,267,High Ener.,Outbreak,1,00:50-01:05
267,268,4.33,4.33,4.33,1.0,1.0,4.17,2.17,2.67,HIGH ENERGY,268,High Ener.,Juha,5,00:29-00:43
268,269,3.33,4.0,4.83,2.17,2.5,1.0,2.33,1.0,HIGH ENERGY,269,High Ener.,Juha,18,02:30-02:46
269,270,5.8,3.8,2.6,1.0,1.0,4.4,1.4,1.8,HIGH ENERGY,270,High Ener.,The Omen,9,00:00-00:24
270,271,5.8,1.2,1.4,1.0,1.0,1.0,6.0,4.17,LOW ENERGY,271,Low Ener.,Pride and Prejudice,15,01:18-01:33
271,272,5.5,1.33,2.83,1.0,1.0,1.0,5.8,4.6,LOW ENERGY,272,Low Ener.,Pride and Prejudice,3,01:40-02:00
272,273,3.0,1.4,4.2,1.0,3.5,1.0,6.0,1.0,LOW ENERGY,273,Low Ener.,Batman Returns,12,00:57-01:14
273,274,4.5,1.5,3.0,1.0,1.67,1.0,4.0,2.33,LOW ENERGY,274,Low Ener.,Angel Heart,4,00:08-00:28
274,275,5.5,1.5,1.33,1.0,1.0,1.0,5.83,7.17,LOW ENERGY,275,Low Ener.,JFK,11,00:00-00:16
275,276,4.8,1.6,3.4,1.0,1.67,1.0,4.0,4.33,LOW ENERGY,276,Low Ener.,Dracula,7,00:00-00:12
276,277,5.2,1.8,2.2,1.0,1.0,1.0,4.67,5.0,LOW ENERGY,277,Low Ener.,Last samurai,1,00:05-00:29
277,278,4.8,1.8,1.6,1.0,1.33,1.0,7.0,4.5,LOW ENERGY,278,Low Ener.,Pride and Prejudice,13,01:02-01:20
278,279,5.4,1.8,2.4,1.0,2.17,1.0,6.0,2.67,LOW ENERGY,279,Low Ener.,Mother of Mine,16,01:55-02:10
279,280,3.67,1.83,4.0,1.0,3.17,1.17,4.0,1.33,LOW ENERGY,280,Low Ener.,Blanc,16,00:00-00:15
280,281,4.67,1.83,2.17,1.0,1.67,1.0,2.33,4.67,LOW ENERGY,281,Low Ener.,Dances with Wolves,11,00:47-01:03
281,282,5.2,2.0,2.8,1.0,1.33,1.67,4.17,4.17,LOW ENERGY,282,Low Ener.,Crouching Tiger Hidden Dragon,5,00:00-00:15
282,283,4.17,2.0,3.33,1.0,1.0,1.0,5.67,2.67,LOW ENERGY,283,Low Ener.,Blanc,10,00:13-00:31
283,284,5.2,2.2,2.8,1.0,1.0,2.0,6.83,4.0,LOW ENERGY,284,Low Ener.,The Portrait of a Lady,4,00:00-00:17
284,285,4.33,2.33,3.17,2.0,2.17,1.17,5.5,1.67,LOW ENERGY,285,Low Ener.,Juha,16,00:19-00:33
285,286,3.17,2.33,3.67,1.0,3.2,1.0,3.6,3.6,LOW ENERGY,286,Low Ener.,The Omen,8,00:33-00:51
286,287,5.6,2.4,2.6,1.17,1.0,1.0,6.17,4.0,LOW ENERGY,287,Low Ener.,Juha,19,01:35-01:52
287,288,5.6,2.4,3.0,1.4,1.0,1.0,7.2,3.4,LOW ENERGY,288,Low Ener.,The Portrait of a Lady,9,00:00-00:22
288,289,6.8,2.4,1.0,1.0,1.0,4.67,1.67,6.83,LOW ENERGY,289,Low Ener.,Outbreak,8,01:55-02:10
289,290,4.5,2.5,3.83,1.0,1.0,1.0,6.0,4.67,LOW ENERGY,290,Low Ener.,The Omen,4,01:02-01:16
290,291,5.0,2.5,3.0,1.0,2.5,1.0,4.67,2.5,LOW ENERGY,291,Low Ener.,The Fifth Element,18,00:05-00:22
291,292,4.8,2.6,3.6,1.0,1.0,1.67,3.5,4.0,LOW ENERGY,292,Low Ener.,Batman,9,00:00-00:19
292,293,4.2,2.8,3.2,1.0,1.0,1.0,4.83,4.33,LOW ENERGY,293,Low Ener.,Crouching Tiger Hidden Dragon,11,00:28-00:46
293,294,3.83,3.0,3.67,2.4,1.6,1.0,5.0,1.6,LOW ENERGY,294,Low Ener.,Juha,16,00:00-00:15
294,295,4.0,3.0,4.4,1.0,2.17,1.17,5.0,1.33,LOW ENERGY,295,Low Ener.,Blanc,18,00:00-00:16
295,296,5.6,3.0,2.8,1.0,1.0,1.0,4.83,3.83,LOW ENERGY,296,Low Ener.,Oliver Twist,2,00:00-00:29
296,297,3.6,3.0,5.4,1.0,1.17,1.5,3.5,3.17,LOW ENERGY,297,Low Ener.,Batman,5,01:08-01:22
297,298,3.5,3.33,5.17,1.0,1.83,1.17,5.33,2.5,LOW ENERGY,298,Low Ener.,Mother of Mine,1,00:00-00:15
298,299,5.33,3.67,3.17,1.0,1.0,2.4,1.6,6.2,LOW ENERGY,299,Low Ener.,Oliver Twist,8,00:14-00:30
299,300,6.4,4.2,2.0,1.0,1.0,6.17,1.0,5.0,LOW ENERGY,300,Low Ener.,Batman,9,01:31-01:38
300,301,2.0,6.4,7.0,5.83,6.33,1.0,1.0,1.0,HIGH TENSION,301,High Tens.,Last samurai,9,03:37-03:51
301,302,1.0,5.67,7.0,5.83,7.17,1.0,1.0,1.0,HIGH TENSION,302,High Tens.,The Omen,5,00:00-00:15
302,303,1.0,4.67,7.0,5.2,4.8,1.0,1.8,1.0,HIGH TENSION,303,High Tens.,Hellraiser,8,00:00-00:17
303,304,2.2,5.8,7.0,6.0,7.33,1.0,1.0,1.0,HIGH TENSION,304,High Tens.,Hellraiser,12,01:30-01:49
304,305,1.83,5.17,6.83,6.5,4.83,1.0,1.0,1.0,HIGH TENSION,305,High Tens.,JFK,2,00:33-00:48
305,306,2.0,3.6,6.6,3.33,7.0,1.0,2.0,1.0,HIGH TENSION,306,High Tens.,Hellraiser,10,02:44-03:00
306,307,3.2,5.8,6.6,4.17,5.33,1.0,1.67,1.0,HIGH TENSION,307,High Tens.,Oliver Twist,8,02:39-03:02
307,308,2.2,6.4,6.6,5.17,4.33,1.0,1.0,1.0,HIGH TENSION,308,High Tens.,JFK,2,01:34-01:49
308,309,1.67,4.0,6.5,5.67,6.67,1.0,1.0,1.0,HIGH TENSION,309,High Tens.,The Fifth Element,13,00:17-00:31
309,310,4.2,6.2,6.4,4.83,5.17,1.0,1.0,1.0,HIGH TENSION,310,High Tens.,Last samurai,9,02:30-02:50
310,311,2.8,5.2,6.4,5.83,4.5,1.0,1.33,1.0,HIGH TENSION,311,High Tens.,Oliver Twist,10,00:00-00:20
311,312,1.8,5.8,6.4,4.83,7.0,1.0,1.0,1.0,HIGH TENSION,312,High Tens.,Hannibal,6,00:40-00:55
312,313,1.6,3.8,6.2,2.67,6.83,1.0,1.33,1.0,HIGH TENSION,313,High Tens.,Hannibal,1,00:40-00:54
313,314,3.33,6.33,6.17,6.33,3.0,1.17,1.0,1.0,HIGH TENSION,314,High Tens.,Batman,1,00:47-01:04
314,315,3.0,5.33,6.17,5.5,4.17,1.0,1.33,1.0,HIGH TENSION,315,High Tens.,Outbreak,11,00:00-00:15
315,316,2.83,5.83,6.0,4.0,5.0,1.0,1.0,1.0,HIGH TENSION,316,High Tens.,Batman Returns,2,00:18-00:33
316,317,3.0,3.5,5.83,1.67,6.17,1.33,3.0,1.0,HIGH TENSION,317,High Tens.,Angel Heart,3,00:43-00:59
317,318,2.83,3.83,5.83,2.33,7.17,1.0,2.17,1.0,HIGH TENSION,318,High Tens.,The Fifth Element,23,00:04-00:23
318,319,2.8,6.2,5.8,6.0,6.0,1.0,1.0,1.0,HIGH TENSION,319,High Tens.,Crouching Tiger Hidden Dragon,3,00:00-00:15
319,320,2.5,5.0,5.67,1.33,6.5,1.0,1.0,1.0,HIGH TENSION,320,High Tens.,JFK,8,00:08-00:25
320,321,3.0,5.2,5.6,3.17,4.5,1.0,1.0,1.0,HIGH TENSION,321,High Tens.,The Fifth Element,17,00:00-00:19
321,322,4.6,5.4,5.6,2.17,2.83,1.67,2.83,1.0,HIGH TENSION,322,High Tens.,Pride and Prejudice,13,00:15-00:32
322,323,3.0,4.67,5.5,4.83,5.17,1.0,1.83,1.0,HIGH TENSION,323,High Tens.,Hannibal,9,08:22-08:38
323,324,2.33,4.67,5.5,6.33,4.67,1.0,1.0,1.0,HIGH TENSION,324,High Tens.,Dracula,6,01:46-02:03
324,325,1.8,3.4,5.4,1.0,4.33,1.0,3.17,1.0,HIGH TENSION,325,High Tens.,Lethal weapon 3,7,00:00-00:16
325,326,1.6,6.0,5.4,4.0,6.17,1.0,1.0,1.0,HIGH TENSION,326,High Tens.,The Omen,12,00:40-00:50
326,327,3.17,4.83,5.33,3.67,3.83,1.0,1.83,1.0,HIGH TENSION,327,High Tens.,Crouching Tiger Hidden Dragon,12,03:16-03:32
327,328,2.4,4.0,5.0,3.67,7.33,1.0,1.0,1.0,HIGH TENSION,328,High Tens.,Angel Heart,9,02:40-03:00
328,329,3.8,3.4,4.8,1.33,4.67,1.0,2.5,1.0,HIGH TENSION,329,High Tens.,Oliver Twist,6,00:51-01:07
329,330,3.5,1.5,3.17,1.83,4.83,1.17,1.67,1.67,HIGH TENSION,330,High Tens.,Oliver Twist,12,03:07-03:27
330,331,6.67,2.33,1.17,1.0,1.0,3.8,1.4,7.4,LOW TENSION,331,Low Tens.,Pride and Prejudice,12,00:01-00:15
331,332,6.67,2.67,1.17,1.17,1.0,3.67,1.67,7.5,LOW TENSION,332,Low Tens.,JFK,4,00:00-00:15
332,333,6.33,3.33,1.5,1.0,1.0,2.33,4.0,7.0,LOW TENSION,333,Low Tens.,Lethal weapon 3,10,01:59-02:17
333,334,6.5,3.33,1.5,1.0,1.0,3.17,1.83,7.5,LOW TENSION,334,Low Tens.,Dances with Wolves,4,01:31-01:48
334,335,6.8,2.8,1.6,1.0,1.0,4.67,1.0,7.83,LOW TENSION,335,Low Tens.,Pride and Prejudice,1,00:10-00:26
335,336,6.6,3.4,1.6,1.0,1.0,6.0,1.0,7.17,LOW TENSION,336,Low Tens.,Dances with Wolves,8,00:39-00:59
336,337,6.8,3.6,1.6,1.0,1.0,2.5,2.0,6.17,LOW TENSION,337,Low Tens.,JFK,11,00:35-00:50
337,338,5.83,2.67,1.67,1.0,1.0,1.0,5.33,6.0,LOW TENSION,338,Low Tens.,Lethal weapon 3,10,00:59-01:12
338,339,6.0,2.4,1.8,1.0,1.0,2.67,3.0,6.0,LOW TENSION,339,Low Tens.,Dances with Wolves,12,01:08-01:21
339,340,6.0,2.6,2.0,1.0,1.0,4.5,1.0,5.17,LOW TENSION,340,Low Tens.,The Portrait of a Lady,3,00:23-00:45
340,341,4.83,1.17,2.0,1.0,1.33,1.0,6.83,3.17,LOW TENSION,341,Low Tens.,The Fifth Element,14,00:00-00:20
341,342,5.4,3.0,2.0,1.0,1.0,2.0,4.2,5.4,LOW TENSION,342,Low Tens.,Blanc,18,00:48-01:05
342,343,6.4,3.2,2.0,1.0,1.0,4.17,1.0,5.67,LOW TENSION,343,Low Tens.,Grizzly Man,1,00:00-00:27
343,344,5.4,2.2,2.0,1.0,1.0,2.0,6.5,6.83,LOW TENSION,344,Low Tens.,Mother of Mine,16,00:26-00:41
344,345,5.2,1.8,2.2,1.0,1.0,1.83,5.83,5.5,LOW TENSION,345,Low Tens.,Crouching Tiger Hidden Dragon,1,00:51-01:13
345,346,6.8,4.0,2.2,1.0,1.0,5.0,1.0,4.17,LOW TENSION,346,Low Tens.,Oliver Twist,8,01:15-01:32
346,347,4.2,2.4,2.4,1.0,1.33,1.17,4.17,3.17,LOW TENSION,347,Low Tens.,Crouching Tiger Hidden Dragon,5,00:15-00:30
347,348,5.2,2.8,2.6,1.0,1.0,1.67,5.67,5.83,LOW TENSION,348,Low Tens.,Crouching Tiger Hidden Dragon,2,01:10-01:25
348,349,5.17,4.5,2.67,1.0,1.0,4.83,1.0,4.17,LOW TENSION,349,Low Tens.,Juha,2,02:11-02:26
349,350,5.5,2.17,2.83,1.0,1.0,1.0,3.4,5.4,LOW TENSION,350,Low Tens.,The Fifth Element,5,00:13-00:30
350,351,4.33,1.83,2.83,1.0,1.0,1.0,5.67,3.0,LOW TENSION,351,Low Tens.,Crouching Tiger Hidden Dragon,1,00:00-00:15
351,352,5.4,2.6,3.0,1.0,1.33,1.83,4.17,5.0,LOW TENSION,352,Low Tens.,The Fifth Element,16,00:18-00:38
352,353,5.0,4.0,3.17,1.0,1.0,1.83,1.67,3.0,LOW TENSION,353,Low Tens.,The Fifth Element,12,00:00-00:17
353,354,5.5,3.83,3.17,1.0,1.0,3.5,1.5,4.33,LOW TENSION,354,Low Tens.,Grizzly Man,2,00:00-03:50
354,355,3.4,2.6,3.4,1.0,1.5,1.0,6.0,4.17,LOW TENSION,355,Low Tens.,JFK,16,05:07-05:24
355,356,4.8,2.4,3.6,1.0,1.0,1.33,6.67,4.5,LOW TENSION,356,Low Tens.,Lethal weapon 3,7,03:54-04:13
356,357,5.0,2.83,3.67,1.0,2.4,1.0,2.6,4.2,LOW TENSION,357,Low Tens.,Dracula,4,00:55-01:09
357,358,4.2,2.2,4.0,1.0,1.83,1.67,5.5,4.33,LOW TENSION,358,Low Tens.,Angel Heart,8,00:39-00:55
358,359,4.6,4.2,4.2,1.0,1.33,3.33,2.67,1.0,LOW TENSION,359,Low Tens.,Batman,18,02:46-03:02
359,360,3.2,3.4,5.0,1.33,5.33,1.0,3.0,1.0,LOW TENSION,360,Low Tens.,Batman,9,00:57-01:16
